subreddit,meanPost
".gifs - funny, animated gifs for your viewing pleasure",45
/r/PublicFreakout,95
/r/videos,489
A subreddit for cute and cuddly pictures,982
"All news, US and international.",79
All Things Horror: From Movies & TV to Books & Games,84
All things Trashy!,53
Art,246
Ask Reddit...,979
Beggars can't be choosers!,49
Data Science,11
DIY,28
EarthPorn: Amazing images of light and landscape,124
Eating healthy on a cheap budget,18
Explain Like I'm Five | Don't Panic!,103
For Your Opinions That Are Unpopular ,762
funny,797
Japan Trips & Travel Tips,20
Jokes: Get Your Funny On!,424
Life Pro Tips,34
math,34
Movie News and Discussion,111
Nearly Impossible Odds,5
PC Gaming,77
Quit Your Bullshit!,20
r/gaming,622
Reddit Pics,800
redditsports,69
Science,1
Sex,176
Showerthoughts,996
"So many books, so little time",42
"Star Wars - A long time ago, in a galaxy far, far, away...",81
Television Discussion and News,83
The Donald - America First! // The_Donald,997
Today I Learned (TIL),154
What's everyone on about?,24
When it just hurts to watch,18
World News,288
World Travel Backpacking,21
