"id","time"
"c0kwxt",0
"c0kwz4",0
"c0kwz7",0
"c0kx00",0
"c0kx0h",0
"c0kx25",0
"c0kx5e",0
"c0kx62",0
"c0kx6p",0
"c0kx9o",0
"c0kxar",0
"c0kxbx",0
"c0kxcb",0
"c0kxdm",0
"c0kxgs",0
"c0kxhp",0
"c0kxhq",0
"c0kxlp",0
"c0kxnu",0
"c0kxrc",0
"c0kxsr",0
"c0kxst",0
"c0kxuj",0
"c0kxur",0
"c0kxvm",0
"c0kxw2",0
"c0kxwp",0
"c0kxxs",0
"c0kxyv",0
"c0kxzp",0
"c0ky2m",0
"c0ky2s",0
"c0ky2z",0
"c0ky3b",0
"c0ky41",0
"c0ky4x",0
"c0ky50",0
"c0ky57",0
"c0ky5s",0
"c0ky61",0
"c0ky6k",0
"c0ky7d",0
"c0ky8c",0
"c0ky8h",0
"c0ky8n",0
"c0kyc3",0
"c0kycg",0
"c0kydz",0
"c0kymn",0
"c0kynb",0
"c0kynd",0
"c0kyo9",0
"c0kyqh",0
"c0kysb",0
"c0kysu",0
"c0kysy",0
"c0kyt3",0
"c0kytp",0
"c0kyty",0
"c0kyu9",0
"c0kyxe",0
"c0kyz0",0
"c0kyzn",0
"c0kyzq",0
"c0kyzu",0
"c0kz1p",0
"c0kz4j",0
"c0kz5d",0
"c0kz78",0
"c0kz81",0
"c0kz8n",0
"c0kzbf",0
"c0kzd6",0
"c0kzed",0
"c0kzeq",0
"c0kzf7",0
"c0kzfa",0
"c0kzg7",0
"c0kzg9",0
"c0kzha",0
"c0kzjm",0
"c0kzjs",0
"c0kzk4",0
"c0kzkc",0
"c0kzml",0
"c0kzn4",0
"c0kzo3",0
"c0kzqj",0
"c0kzrb",0
"c0kztj",0
"c0kztt",0
"c0kzuu",0
"c0kzvh",0
"c0kzxh",0
"c0kzyu",0
"c0kzzm",0
"c0l007",0
"c0l014",0
"c0l01k",0
"c0l02u",0
"c0l03g",0
"c0l03n",0
"c0l03t",0
"c0l04d",0
"c0l05e",0
"c0l05v",0
"c0l060",0
"c0l068",0
"c0l06c",0
"c0l09c",0
"c0l0a1",0
"c0l0ai",0
"c0l0cu",0
"c0l0ej",0
"c0l0gc",0
"c0l0ha",0
"c0l0hm",0
"c0l0hv",0
"c0l0ip",0
"c0l0j0",0
"c0l0j8",0
"c0l0l7",0
"c0l0n6",0
"c0l0ol",0
"c0l0pr",0
"c0l0qh",0
"c0l0qk",0
"c0l0qn",0
"c0l0qr",0
"c0l0qz",0
"c0l0ra",0
"c0l0t3",0
"c0l0uf",0
"c0l0w3",0
"c0l10o",0
"c0l132",0
"c0l15m",0
"c0l15o",0
"c0l15x",0
"c0l19p",0
"c0l1bp",0
"c0l1ce",0
"c0l1d0",0
"c0l1g7",0
"c0l1jb",0
"c0l1je",0
"c0l1m2",0
"c0l1n4",0
"c0l1nj",0
"c0l1ox",0
"c0l1pq",0
"c0l1rc",0
"c0l1t0",0
"c0l1tu",0
"c0l1u1",0
"c0l1v1",0
"c0l1wu",0
"c0l1z1",0
"c0l20a",0
"c0l20e",0
"c0l21x",0
"c0l21y",0
"c0l22w",0
"c0l23i",0
"c0l255",0
"c0l25d",0
"c0l25l",0
"c0l268",0
"c0l289",0
"c0l2av",0
"c0l2bf",0
"c0l2da",0
"c0l2g2",0
"c0l2hj",0
"c0l2j9",0
"c0l2ky",0
"c0l2ng",0
"c0l2nl",0
"c0l2oq",0
"c0l2p7",0
"c0l2ph",0
"c0l2sj",0
"c0l2u5",0
"c0l2w0",0
"c0l2wp",0
"c0l2ws",0
"c0l2x7",0
"c0l2xf",0
"c0l2xm",0
"c0l2xp",0
"c0l2y3",0
"c0l2yo",0
"c0l2yy",0
"c0l2yz",0
"c0l2z1",0
"c0l2z7",0
"c0l30l",0
"c0l30u",0
"c0l30w",0
"c0l31a",0
"c0l31q",0
"c0l31w",0
"c0l31y",0
"c0l32b",0
"c0l360",0
"c0l39l",0
"c0l3a7",0
"c0l3b0",0
"c0l3bn",0
"c0l3c8",0
"c0l3ck",0
"c0l3cy",0
"c0l3cz",0
"c0l3d4",0
"c0l3dd",0
"c0l3eu",0
"c0l3f6",0
"c0l3go",0
"c0l3i8",0
"c0l3ie",0
"c0l3jf",0
